date,bid,offer,price
2020-01-02,16.03,16.03,16.03
2020-01-03,15.88,15.88,15.88
2020-01-06,15.89,15.89,15.89
2020-01-07,15.91,15.91,15.91
2020-01-08,15.93,15.93,15.93
2020-01-09,16.02,16.02,16.02
2020-01-10,16.02,16.02,16.02
2020-01-13,16.1,16.1,16.1
2020-01-14,16.12,16.12,16.12
2020-01-15,16.12,16.12,16.12
2020-01-16,16.2,16.2,16.2
2020-01-17,16.27,16.27,16.27
2020-01-20,16.28,16.28,16.28
2020-01-21,16.22,16.22,16.22
2020-01-22,16.25,16.25,16.25
2020-01-23,16.2,16.2,16.2
2020-01-24,16.14,16.14,16.14
2020-01-29,15.96,15.96,15.96
2020-01-30,15.89,15.89,15.89
2020-01-31,15.68,15.68,15.68
2020-02-03,15.74,15.74,15.74
2020-02-04,15.96,15.96,15.96
2020-02-05,16.12,16.12,16.12
2020-02-06,16.23,16.23,16.23
2020-02-07,16.13,16.13,16.13
2020-02-10,16.18,16.18,16.18
2020-02-11,16.24,16.24,16.24
2020-02-12,16.34,16.34,16.34
2020-02-13,16.3,16.3,16.3
2020-02-14,16.31,16.31,16.31
2020-02-17,16.35,16.35,16.35
2020-02-18,16.21,16.21,16.21
2020-02-19,16.32,16.32,16.32
2020-02-20,16.25,16.25,16.25
2020-02-21,16.12,16.12,16.12
2020-02-24,15.64,15.64,15.64
2020-02-25,15.27,15.27,15.27
2020-02-26,15.19,15.19,15.19
2020-02-27,14.69,14.69,14.69
2020-02-28,14.47,14.47,14.47
2020-03-02,14.85,14.85,14.85
2020-03-03,14.64,14.64,14.64
2020-03-04,15.06,15.06,15.06
2020-03-05,14.72,14.72,14.72
2020-03-06,14.42,14.42,14.42
2020-03-09,13.43,13.43,13.43
2020-03-10,13.79,13.79,13.79
2020-03-11,13.29,13.29,13.29
2020-03-12,12.09,12.09,12.09
2020-03-13,12.69,12.69,12.69
2020-03-16,11.55,11.55,11.55
2020-03-17,11.94,11.94,11.94
2020-03-18,11.37,11.37,11.37
2020-03-19,11.41,11.41,11.41
2020-03-20,11.26,11.26,11.26
2020-03-23,10.89,10.89,10.89
2020-03-24,11.78,11.78,11.78
2020-03-25,12.07,12.07,12.07
2020-03-26,12.61,12.61,12.61
2020-03-27,12.3,12.3,12.3
2020-03-30,12.56,12.56,12.56
2020-03-31,12.51,12.51,12.51
2020-04-01,12.02,12.02,12.02
2020-04-02,12.16,12.16,12.16
2020-04-03,11.99,11.99,11.99
2020-04-06,12.67,12.67,12.67
2020-04-07,12.8,12.8,12.8
2020-04-08,13.06,13.06,13.06
2020-04-09,13.23,13.23,13.23
2020-04-14,13.45,13.45,13.45
2020-04-15,13.15,13.15,13.15
2020-04-16,13.18,13.18,13.18
2020-04-17,13.53,13.53,13.53
2020-04-20,13.37,13.37,13.37
2020-04-21,12.98,12.98,12.98
2020-04-22,13.21,13.21,13.21
2020-04-23,13.26,13.26,13.26
2020-04-24,13.33,13.33,13.33
2020-04-27,13.57,13.57,13.57
2020-04-28,13.59,13.59,13.59
2020-04-29,13.92,13.92,13.92
2020-05-04,13.41,13.41,13.41
2020-05-05,13.54,13.54,13.54
2020-05-06,13.49,13.49,13.49
2020-05-07,13.6,13.6,13.6
2020-05-08,13.83,13.83,13.83
2020-05-11,13.83,13.83,13.83
2020-05-12,13.65,13.65,13.65
2020-05-13,13.44,13.44,13.44
2020-05-14,13.42,13.42,13.42
2020-05-15,13.48,13.48,13.48
2020-05-18,13.84,13.84,13.84
2020-05-19,13.81,13.81,13.81
2020-05-20,14.0,14.0,14.0
2020-05-21,13.91,13.91,13.91
2020-05-22,13.87,13.87,13.87
2020-05-25,13.94,13.94,13.94
2020-05-26,14.16,14.16,14.16
2020-05-27,14.28,14.28,14.28
2020-05-28,14.34,14.34,14.34
2020-05-29,14.32,14.32,14.32
2020-06-01,14.45,14.45,14.45
2020-06-02,14.62,14.62,14.62
2020-06-03,14.86,14.86,14.86
2020-06-04,14.85,14.85,14.85
2020-06-05,15.16,15.16,15.16
2020-06-08,15.29,15.29,15.29
2020-06-09,15.2,15.2,15.2
2020-06-10,15.14,15.14,15.14
2020-06-11,14.46,14.46,14.46
2020-06-12,14.5,14.5,14.5
2020-06-15,14.49,14.49,14.49
2020-06-16,14.8,14.8,14.8
2020-06-17,14.81,14.81,14.81
2020-06-18,14.78,14.78,14.78
2020-06-19,14.76,14.76,14.76
2020-06-22,14.8,14.8,14.8
2020-06-23,14.93,14.93,14.93
2020-06-24,14.6,14.6,14.6
2020-06-26,14.47,14.47,14.47
2020-06-29,14.58,14.58,14.58
2020-06-30,14.75,14.75,14.75
2020-07-02,14.91,14.91,14.91
2020-07-03,14.93,14.93,14.93
2020-07-06,15.19,15.19,15.19
2020-07-07,15.05,15.05,15.05
2020-07-08,15.11,15.11,15.11
2020-07-09,15.05,15.05,15.05
2020-07-10,15.14,15.14,15.14
2020-07-13,15.12,15.12,15.12
2020-07-14,15.2,15.2,15.2
2020-07-15,15.39,15.39,15.39
2020-07-16,15.32,15.32,15.32
2020-07-17,15.35,15.35,15.35
2020-07-20,15.48,15.48,15.48
2020-07-21,15.55,15.55,15.55
2020-07-22,15.57,15.57,15.57
2020-07-23,15.46,15.46,15.46
2020-07-24,15.31,15.31,15.31
2020-07-27,15.44,15.44,15.44
2020-07-28,15.38,15.38,15.38
2020-07-29,15.48,15.48,15.48
2020-07-30,15.38,15.38,15.38
2020-07-31,15.36,15.36,15.36
2020-08-03,15.5,15.5,15.5
2020-08-04,15.59,15.59,15.59
2020-08-05,15.71,15.71,15.71
2020-08-06,15.74,15.74,15.74
2020-08-07,15.71,15.71,15.71
2020-08-10,15.74,15.74,15.74
2020-08-11,15.76,15.76,15.76
2020-08-12,15.95,15.95,15.95
2020-08-13,15.94,15.94,15.94
2020-08-14,15.9,15.9,15.9
2020-08-17,15.96,15.96,15.96
2020-08-18,16.0,16.0,16.0
2020-08-19,15.96,15.96,15.96
2020-08-20,15.9,15.9,15.9
2020-08-21,15.94,15.94,15.94
2020-08-24,16.12,16.12,16.12
2020-08-25,16.16,16.16,16.16
2020-08-26,16.31,16.31,16.31
2020-08-27,16.28,16.28,16.28
2020-08-28,16.36,16.36,16.36
2020-08-31,16.31,16.31,16.31
2020-09-01,16.39,16.39,16.39
2020-09-02,16.56,16.56,16.56
2020-09-03,16.16,16.16,16.16
2020-09-04,15.99,15.99,15.99
2020-09-07,16.03,16.03,16.03
2020-09-08,15.72,15.72,15.72
2020-09-09,15.94,15.94,15.94
2020-09-10,15.79,15.79,15.79
2020-09-11,15.8,15.8,15.8
2020-09-14,15.99,15.99,15.99
2020-09-15,16.06,16.06,16.06
2020-09-16,16.04,16.04,16.04
2020-09-17,15.9,15.9,15.9
2020-09-18,15.81,15.81,15.81
2020-09-21,15.55,15.55,15.55
2020-09-22,15.62,15.62,15.62
2020-09-23,15.4,15.4,15.4
2020-09-24,15.35,15.35,15.35
2020-09-25,15.49,15.49,15.49
2020-09-28,15.75,15.75,15.75
2020-09-29,15.72,15.72,15.72
2020-09-30,15.78,15.78,15.78
2020-10-05,16.04,16.04,16.04
2020-10-06,15.91,15.91,15.91
2020-10-07,16.08,16.08,16.08
2020-10-08,16.2,16.2,16.2
2020-10-09,16.32,16.32,16.32
2020-10-12,16.52,16.52,16.52
2020-10-14,16.39,16.39,16.39
2020-10-15,16.25,16.25,16.25
2020-10-16,16.28,16.28,16.28
2020-10-19,16.15,16.15,16.15
2020-10-20,16.19,16.19,16.19
2020-10-21,16.16,16.16,16.16
2020-10-22,16.18,16.18,16.18
2020-10-23,16.23,16.23,16.23
2020-10-27,15.94,15.94,15.94
2020-10-28,15.45,15.45,15.45
2020-10-29,15.58,15.58,15.58
2020-10-30,15.43,15.43,15.43
2020-11-02,15.59,15.59,15.59
2020-11-03,15.88,15.88,15.88
2020-11-04,16.15,16.15,16.15
2020-11-05,16.49,16.49,16.49
2020-11-06,16.5,16.5,16.5
2020-11-09,16.75,16.75,16.75
2020-11-10,16.72,16.72,16.72
2020-11-11,16.82,16.82,16.82
2020-11-12,16.72,16.72,16.72
2020-11-13,16.87,16.87,16.87
2020-11-16,17.05,17.05,17.05
2020-11-17,17.03,17.03,17.03
2020-11-18,16.95,16.95,16.95
2020-11-19,16.94,16.94,16.94
2020-11-20,16.91,16.91,16.91
2020-11-23,16.97,16.97,16.97
2020-11-24,17.2,17.2,17.2
2020-11-25,17.19,17.19,17.19
2020-11-26,17.22,17.22,17.22
2020-11-27,17.3,17.3,17.3
2020-11-30,17.15,17.15,17.15
2020-12-01,17.36,17.36,17.36
2020-12-02,17.41,17.41,17.41
2020-12-03,17.45,17.45,17.45
2020-12-04,17.58,17.58,17.58
2020-12-07,17.55,17.55,17.55
2020-12-08,17.57,17.57,17.57
2020-12-09,17.51,17.51,17.51
2020-12-10,17.49,17.49,17.49
2020-12-11,17.45,17.45,17.45
2020-12-14,17.43,17.43,17.43
2020-12-15,17.56,17.56,17.56
2020-12-16,17.64,17.64,17.64
2020-12-17,17.76,17.76,17.76
2020-12-18,17.71,17.71,17.71
2020-12-21,17.57,17.57,17.57
2020-12-22,17.55,17.55,17.55
2020-12-23,17.6,17.6,17.6
2020-12-24,17.65,17.65,17.65
2020-12-28,17.76,17.76,17.76
2020-12-29,17.81,17.81,17.81
2020-12-30,17.86,17.86,17.86
2020-12-31,17.89,17.89,17.89
2021-01-04,17.8,17.8,17.8
2021-01-05,17.9,17.9,17.9
2021-01-06,18.03,18.03,18.03
2021-01-07,18.23,18.23,18.23
2021-01-08,18.39,18.39,18.39
2021-01-11,18.26,18.26,18.26
2021-01-12,18.29,18.29,18.29
2021-01-13,18.36,18.36,18.36
2021-01-14,18.37,18.37,18.37
2021-01-15,18.23,18.23,18.23
2021-01-18,18.22,18.22,18.22
2021-01-19,18.36,18.36,18.36
2021-01-20,18.58,18.58,18.58
2021-01-21,18.62,18.62,18.62
2021-01-22,18.53,18.53,18.53
2021-01-25,18.58,18.58,18.58
2021-01-26,18.52,18.52,18.52
2021-01-27,18.17,18.17,18.17
2021-01-28,18.2,18.2,18.2
2021-01-29,17.88,17.88,17.88
2021-02-01,18.16,18.16,18.16
2021-02-02,18.38,18.38,18.38
2021-02-03,18.43,18.43,18.43
2021-02-04,18.54,18.54,18.54
2021-02-05,18.63,18.63,18.63
2021-02-08,18.77,18.77,18.77
2021-02-09,18.79,18.79,18.79
2021-02-10,18.83,18.83,18.83
2021-02-11,18.88,18.88,18.88
2021-02-16,19.03,19.03,19.03
2021-02-17,18.99,18.99,18.99
2021-02-18,18.87,18.87,18.87
2021-02-19,18.88,18.88,18.88
2021-02-22,18.74,18.74,18.74
2021-02-23,18.73,18.73,18.73
2021-02-24,18.8,18.8,18.8
2021-02-25,18.58,18.58,18.58
2021-02-26,18.31,18.31,18.31
2021-03-01,18.69,18.69,18.69
2021-03-02,18.6,18.6,18.6
2021-03-03,18.5,18.5,18.5
2021-03-04,18.27,18.27,18.27
2021-03-05,18.43,18.43,18.43
2021-03-08,18.37,18.37,18.37
2021-03-09,18.59,18.59,18.59
2021-03-10,18.68,18.68,18.68
2021-03-11,18.9,18.9,18.9
2021-03-12,18.9,18.9,18.9
2021-03-15,18.98,18.98,18.98
2021-03-16,19.02,19.02,19.02
2021-03-17,19.04,19.04,19.04
2021-03-18,18.94,18.94,18.94
2021-03-19,18.91,18.91,18.91
2021-03-22,19.0,19.0,19.0
2021-03-23,18.85,18.85,18.85
2021-03-24,18.71,18.71,18.71
2021-03-25,18.75,18.75,18.75
2021-03-26,19.03,19.03,19.03
2021-03-29,19.03,19.03,19.03
2021-03-30,19.02,19.02,19.02
2021-03-31,19.02,19.02,19.02
2021-04-01,19.25,19.25,19.25
2021-04-07,19.52,19.52,19.52
2021-04-08,19.58,19.58,19.58
2021-04-09,19.66,19.66,19.66
2021-04-12,19.61,19.61,19.61
2021-04-13,19.68,19.68,19.68
2021-04-14,19.65,19.65,19.65
2021-04-15,19.82,19.82,19.82
2021-04-16,19.92,19.92,19.92
2021-04-19,19.87,19.87,19.87
2021-04-20,19.71,19.71,19.71
2021-04-21,19.79,19.79,19.79
2021-04-22,19.73,19.73,19.73
2021-04-23,19.88,19.88,19.88
2021-04-26,19.97,19.97,19.97
2021-04-27,19.93,19.93,19.93
2021-04-28,19.93,19.93,19.93
2021-04-29,20.0,20.0,20.0
2021-04-30,19.83,19.83,19.83
2021-05-03,19.89,19.89,19.89
2021-05-04,19.74,19.74,19.74
2021-05-05,19.81,19.81,19.81
2021-05-06,19.95,19.95,19.95
2021-05-07,20.12,20.12,20.12
2021-05-10,20.03,20.03,20.03
2021-05-11,19.79,19.79,19.79
2021-05-12,19.47,19.47,19.47
2021-05-13,19.55,19.55,19.55
2021-05-14,19.81,19.81,19.81
2021-05-17,19.79,19.79,19.79
2021-05-18,19.79,19.79,19.79
2021-05-20,19.86,19.86,19.86
2021-05-21,19.87,19.87,19.87
2021-05-24,20.0,20.0,20.0
2021-05-25,20.02,20.02,20.02
2021-05-26,20.05,20.05,20.05
2021-05-27,20.07,20.07,20.07
2021-05-28,20.14,20.14,20.14
2021-05-31,20.15,20.15,20.15
2021-06-01,20.21,20.21,20.21
2021-06-02,20.23,20.23,20.23
2021-06-03,20.17,20.17,20.17
2021-06-04,20.31,20.31,20.31
2021-06-07,20.33,20.33,20.33
2021-06-08,20.34,20.34,20.34
2021-06-09,20.29,20.29,20.29
2021-06-10,20.35,20.35,20.35
2021-06-11,20.39,20.39,20.39
2021-06-15,20.4,20.4,20.4
2021-06-16,20.33,20.33,20.33
2021-06-17,20.24,20.24,20.24
2021-06-18,19.99,19.99,19.99
2021-06-21,20.13,20.13,20.13
2021-06-22,20.25,20.25,20.25
2021-06-23,20.23,20.23,20.23
2021-06-24,20.34,20.34,20.34
2021-06-25,20.43,20.43,20.43
2021-06-28,20.45,20.45,20.45
2021-06-29,20.45,20.45,20.45
2021-06-30,20.39,20.39,20.39
2021-07-02,20.58,20.58,20.58
2021-07-05,20.6,20.6,20.6
2021-07-06,20.53,20.53,20.53
2021-07-07,20.58,20.58,20.58
2021-07-08,20.37,20.37,20.37
2021-07-09,20.55,20.55,20.55
2021-07-12,20.66,20.66,20.66
2021-07-13,20.63,20.63,20.63
2021-07-14,20.64,20.64,20.64
2021-07-15,20.6,20.6,20.6
2021-07-16,20.46,20.46,20.46
2021-07-19,20.13,20.13,20.13
2021-07-20,20.29,20.29,20.29
2021-07-21,20.47,20.47,20.47
2021-07-22,20.54,20.54,20.54
2021-07-23,20.68,20.68,20.68
2021-07-26,20.7,20.7,20.7
2021-07-27,20.58,20.58,20.58
2021-07-28,20.59,20.59,20.59
2021-07-29,20.76,20.76,20.76
2021-07-30,20.64,20.64,20.64
2021-08-02,20.71,20.71,20.71
2021-08-03,20.82,20.82,20.82
2021-08-04,20.78,20.78,20.78
2021-08-05,20.85,20.85,20.85
2021-08-06,20.84,20.84,20.84
2021-08-09,20.82,20.82,20.82
2021-08-10,20.84,20.84,20.84
2021-08-11,20.92,20.92,20.92
2021-08-12,20.95,20.95,20.95
2021-08-13,20.98,20.98,20.98
2021-08-16,20.97,20.97,20.97
2021-08-17,20.82,20.82,20.82
2021-08-18,20.69,20.69,20.69
2021-08-19,20.57,20.57,20.57
2021-08-20,20.63,20.63,20.63
2021-08-23,20.85,20.85,20.85
2021-08-24,20.94,20.94,20.94
2021-08-25,20.97,20.97,20.97
2021-08-26,20.87,20.87,20.87
2021-08-27,21.02,21.02,21.02
2021-08-30,21.13,21.13,21.13
2021-08-31,21.11,21.11,21.11
2021-09-01,21.14,21.14,21.14
2021-09-02,21.2,21.2,21.2
2021-09-03,21.22,21.22,21.22
2021-09-06,21.28,21.28,21.28
2021-09-07,21.21,21.21,21.21
2021-09-08,21.14,21.14,21.14
2021-09-09,21.06,21.06,21.06
2021-09-10,21.01,21.01,21.01
2021-09-13,21.04,21.04,21.04
2021-09-14,20.98,20.98,20.98
2021-09-15,21.04,21.04,21.04
2021-09-16,21.0,21.0,21.0
2021-09-17,20.83,20.83,20.83
2021-09-20,20.51,20.51,20.51
2021-09-21,20.53,20.53,20.53
2021-09-23,20.85,20.85,20.85
2021-09-24,20.83,20.83,20.83
2021-09-27,20.78,20.78,20.78
2021-09-28,20.4,20.4,20.4
2021-09-29,20.39,20.39,20.39
2021-09-30,20.24,20.24,20.24
2021-10-04,20.11,20.11,20.11
2021-10-05,20.25,20.25,20.25
2021-10-06,20.22,20.22,20.22
2021-10-07,20.45,20.45,20.45
2021-10-08,20.43,20.43,20.43
2021-10-11,20.38,20.38,20.38
2021-10-12,20.31,20.31,20.31
2021-10-15,20.85,20.85,20.85
2021-10-18,20.88,20.88,20.88
2021-10-19,21.01,21.01,21.01
2021-10-20,21.09,21.09,21.09
2021-10-21,21.09,21.09,21.09
2021-10-22,21.09,21.09,21.09
2021-10-25,21.16,21.16,21.16
2021-10-26,21.2,21.2,21.2
2021-10-27,21.09,21.09,21.09
2021-10-28,21.22,21.22,21.22
2021-10-29,21.18,21.18,21.18
2021-11-01,21.3,21.3,21.3
2021-11-02,21.33,21.33,21.33
2021-11-03,21.44,21.44,21.44
2021-11-04,21.53,21.53,21.53
2021-11-05,21.55,21.55,21.55
2021-11-08,21.6,21.6,21.6
2021-11-09,21.56,21.56,21.56
2021-11-10,21.42,21.42,21.42
2021-11-11,21.45,21.45,21.45
2021-11-12,21.6,21.6,21.6
2021-11-15,21.6,21.6,21.6
2021-11-16,21.66,21.66,21.66
2021-11-17,21.61,21.61,21.61
2021-11-18,21.62,21.62,21.62
2021-11-19,21.6,21.6,21.6
2021-11-22,21.51,21.51,21.51
2021-11-23,21.46,21.46,21.46
2021-11-24,21.47,21.47,21.47
2021-11-25,21.49,21.49,21.49
2021-11-26,21.04,21.04,21.04
2021-11-29,21.17,21.17,21.17
2021-11-30,20.85,20.85,20.85
2021-12-01,20.8,20.8,20.8
2021-12-02,20.98,20.98,20.98
2021-12-03,20.86,20.86,20.86
2021-12-06,21.02,21.02,21.02
2021-12-07,21.45,21.45,21.45
2021-12-08,21.51,21.51,21.51
2021-12-09,21.4,21.4,21.4
2021-12-10,21.5,21.5,21.5
2021-12-13,21.35,21.35,21.35
2021-12-14,21.21,21.21,21.21
2021-12-15,21.42,21.42,21.42
2021-12-16,21.39,21.39,21.39
2021-12-17,21.19,21.19,21.19
2021-12-20,20.93,20.93,20.93
2021-12-21,21.23,21.23,21.23
2021-12-22,21.42,21.42,21.42
2021-12-23,21.57,21.57,21.57
2021-12-24,21.57,21.57,21.57
2021-12-28,21.8,21.8,21.8
2021-12-29,21.83,21.83,21.83
2021-12-30,21.79,21.79,21.79
2021-12-31,21.76,21.76,21.76
2022-01-03,21.84,21.84,21.84
2022-01-04,21.9,21.9,21.9
2022-01-05,21.63,21.63,21.63
2022-01-06,21.55,21.55,21.55
2022-01-07,21.52,21.52,21.52
2022-01-10,21.44,21.44,21.44
2022-01-11,21.61,21.61,21.61
2022-01-12,21.77,21.77,21.77
2022-01-13,21.59,21.59,21.59
2022-01-14,21.53,21.53,21.53
2022-01-17,21.55,21.55,21.55
2022-01-18,21.24,21.24,21.24
2022-01-19,21.07,21.07,21.07
2022-01-20,20.96,20.96,20.96
2022-01-21,20.62,20.62,20.62
2022-01-24,20.49,20.49,20.49
2022-01-25,20.27,20.27,20.27
2022-01-26,20.33,20.33,20.33
2022-01-27,20.15,20.15,20.15
2022-01-28,20.47,20.47,20.47
2022-01-31,20.79,20.79,20.79
2022-02-04,20.82,20.82,20.82
2022-02-07,20.8,20.8,20.8
2022-02-08,20.91,20.91,20.91
2022-02-09,21.22,21.22,21.22
2022-02-10,21.01,21.01,21.01
2022-02-11,20.71,20.71,20.71
2022-02-14,20.57,20.57,20.57
2022-02-15,20.81,20.81,20.81
2022-02-16,20.88,20.88,20.88
2022-02-17,20.58,20.58,20.58
2022-02-18,20.44,20.44,20.44
2022-02-21,20.37,20.37,20.37
2022-02-22,20.19,20.19,20.19
2022-02-23,19.96,19.96,19.96
2022-02-24,19.9,19.9,19.9
2022-02-25,20.34,20.34,20.34
2022-02-28,20.36,20.36,20.36
2022-03-01,20.1,20.1,20.1
2022-03-02,20.3,20.3,20.3
2022-03-03,20.2,20.2,20.2
2022-03-04,19.89,19.89,19.89
2022-03-07,19.38,19.38,19.38
2022-03-08,19.22,19.22,19.22
2022-03-09,19.73,19.73,19.73
2022-03-10,19.71,19.71,19.71
2022-03-11,19.52,19.52,19.52
2022-03-14,19.43,19.43,19.43
2022-03-15,19.6,19.6,19.6
2022-03-16,20.08,20.08,20.08
2022-03-17,20.39,20.39,20.39
2022-03-18,20.58,20.58,20.58
2022-03-21,20.56,20.56,20.56
2022-03-22,20.76,20.76,20.76
2022-03-23,20.6,20.6,20.6
2022-03-24,20.77,20.77,20.77
2022-03-25,20.81,20.81,20.81
2022-03-28,20.88,20.88,20.88
2022-03-29,21.18,21.18,21.18
2022-03-30,21.13,21.13,21.13
2022-03-31,20.83,20.83,20.83
2022-04-01,20.91,20.91,20.91
2022-04-04,21.06,21.06,21.06
2022-04-06,20.62,20.62,20.62
2022-04-07,20.6,20.6,20.6
2022-04-08,20.64,20.64,20.64
2022-04-11,20.37,20.37,20.37
2022-04-12,20.29,20.29,20.29
2022-04-13,20.46,20.46,20.46
2022-04-14,20.32,20.32,20.32
2022-04-19,20.45,20.45,20.45
2022-04-20,20.53,20.53,20.53
2022-04-21,20.34,20.34,20.34
2022-04-22,19.86,19.86,19.86
2022-04-25,19.77,19.77,19.77
2022-04-26,19.37,19.37,19.37
2022-04-27,19.35,19.35,19.35
2022-04-28,19.72,19.72,19.72
2022-04-29,19.37,19.37,19.37
2022-05-03,19.43,19.43,19.43
2022-05-04,19.76,19.76,19.76
2022-05-05,19.27,19.27,19.27
2022-05-06,19.09,19.09,19.09
2022-05-10,18.58,18.58,18.58
2022-05-11,18.44,18.44,18.44
2022-05-12,18.34,18.34,18.34
2022-05-13,18.73,18.73,18.73
2022-05-16,18.7,18.7,18.7
2022-05-17,19.05,19.05,19.05
2022-05-18,18.54,18.54,18.54
2022-05-19,18.42,18.42,18.42
2022-05-20,18.5,18.5,18.5
2022-05-23,18.79,18.79,18.79
2022-05-24,18.64,18.64,18.64
2022-05-25,18.74,18.74,18.74
2022-05-26,19.03,19.03,19.03
2022-05-27,19.43,19.43,19.43
2022-05-30,19.53,19.53,19.53
2022-05-31,19.38,19.38,19.38
2022-06-01,19.27,19.27,19.27
2022-06-02,19.49,19.49,19.49
2022-06-06,19.36,19.36,19.36
2022-06-07,19.44,19.44,19.44
2022-06-08,19.33,19.33,19.33
2022-06-09,18.95,18.95,18.95
2022-06-10,18.45,18.45,18.45
2022-06-13,17.81,17.81,17.81
2022-06-14,17.72,17.72,17.72
2022-06-15,17.96,17.96,17.96
2022-06-16,17.46,17.46,17.46
2022-06-17,17.44,17.44,17.44
2022-06-20,17.52,17.52,17.52
2022-06-21,17.79,17.79,17.79
2022-06-22,17.72,17.72,17.72
2022-06-23,17.79,17.79,17.79
2022-06-24,18.25,18.25,18.25
2022-06-27,18.29,18.29,18.29
2022-06-28,18.06,18.06,18.06
2022-06-29,17.98,17.98,17.98
2022-06-30,17.79,17.79,17.79
2022-07-04,17.9,17.9,17.9
2022-07-05,17.83,17.83,17.83
2022-07-06,17.87,17.87,17.87
2022-07-07,18.15,18.15,18.15
2022-07-08,18.19,18.19,18.19
2022-07-11,17.97,17.97,17.97
2022-07-12,17.83,17.83,17.83
2022-07-13,17.77,17.77,17.77
2022-07-14,17.63,17.63,17.63
2022-07-15,17.9,17.9,17.9
2022-07-18,17.91,17.91,17.91
2022-07-19,18.27,18.27,18.27
2022-07-20,18.38,18.38,18.38
2022-07-21,18.5,18.5,18.5
2022-07-22,18.41,18.41,18.41
2022-07-25,18.4,18.4,18.4
2022-07-26,18.24,18.24,18.24
2022-07-27,18.54,18.54,18.54
2022-07-28,18.76,18.76,18.76
2022-07-29,18.95,18.95,18.95
2022-08-01,18.99,18.99,18.99
2022-08-02,18.82,18.82,18.82
2022-08-03,19.0,19.0,19.0
2022-08-04,19.05,19.05,19.05
2022-08-05,19.01,19.01,19.01
2022-08-08,19.05,19.05,19.05
2022-08-09,18.95,18.95,18.95
2022-08-10,19.29,19.29,19.29
2022-08-11,19.31,19.31,19.31
2022-08-12,19.51,19.51,19.51
2022-08-15,19.55,19.55,19.55
2022-08-16,19.57,19.57,19.57
2022-08-17,19.45,19.45,19.45
2022-08-18,19.46,19.46,19.46
2022-08-19,19.23,19.23,19.23
2022-08-22,18.9,18.9,18.9
2022-08-23,18.85,18.85,18.85
2022-08-24,18.88,18.88,18.88
2022-08-25,19.1,19.1,19.1
2022-08-26,18.66,18.66,18.66
2022-08-29,18.49,18.49,18.49
2022-08-30,18.36,18.36,18.36
2022-08-31,18.29,18.29,18.29
2022-09-01,18.13,18.13,18.13
2022-09-02,18.08,18.08,18.08
2022-09-05,18.02,18.02,18.02
2022-09-06,17.96,17.96,17.96
2022-09-07,18.12,18.12,18.12
2022-09-08,18.24,18.24,18.24
2022-09-09,18.54,18.54,18.54
2022-09-13,18.15,18.15,18.15
2022-09-14,18.11,18.11,18.11
2022-09-15,17.94,17.94,17.94
2022-09-16,17.79,17.79,17.79
2022-09-19,17.85,17.85,17.85
2022-09-20,17.7,17.7,17.7
2022-09-21,17.47,17.47,17.47
2022-09-22,17.3,17.3,17.3
2022-09-23,16.98,16.98,16.98
2022-09-26,16.77,16.77,16.77
2022-09-27,16.76,16.76,16.76
2022-09-28,16.94,16.94,16.94
2022-09-29,16.71,16.71,16.71
2022-09-30,16.62,16.62,16.62
2022-10-03,16.9,16.9,16.9
2022-10-05,17.39,17.39,17.39
2022-10-06,17.26,17.26,17.26
2022-10-07,16.86,16.86,16.86
2022-10-10,16.72,16.72,16.72
2022-10-11,16.56,16.56,16.56
2022-10-12,16.51,16.51,16.51
2022-10-13,16.78,16.78,16.78
2022-10-14,16.6,16.6,16.6
2022-10-17,16.92,16.92,16.92
2022-10-18,17.1,17.1,17.1
2022-10-19,16.96,16.96,16.96
2022-10-20,16.9,16.9,16.9
2022-10-21,17.1,17.1,17.1
2022-10-24,17.26,17.26,17.26
2022-10-25,17.51,17.51,17.51
2022-10-26,17.5,17.5,17.5
2022-10-27,17.43,17.43,17.43
2022-10-28,17.66,17.66,17.66
2022-10-31,17.57,17.57,17.57
2022-11-01,17.6,17.6,17.6
2022-11-02,17.34,17.34,17.34
2022-11-03,17.13,17.13,17.13
2022-11-04,17.41,17.41,17.41
2022-11-07,17.59,17.59,17.59
2022-11-08,17.71,17.71,17.71
2022-11-09,17.47,17.47,17.47
2022-11-10,18.19,18.19,18.19
2022-11-11,18.45,18.45,18.45
2022-11-14,18.34,18.34,18.34
2022-11-15,18.47,18.47,18.47
2022-11-16,18.32,18.32,18.32
2022-11-17,18.23,18.23,18.23
2022-11-18,18.33,18.33,18.33
2022-11-21,18.18,18.18,18.18
2022-11-22,18.42,18.42,18.42
2022-11-23,18.55,18.55,18.55
2022-11-24,18.6,18.6,18.6
2022-11-25,18.61,18.61,18.61
2022-11-28,18.37,18.37,18.37
2022-11-29,18.37,18.37,18.37
2022-11-30,18.72,18.72,18.72
2022-12-01,18.8,18.8,18.8
2022-12-02,18.79,18.79,18.79
2022-12-05,18.52,18.52,18.52
2022-12-06,18.32,18.32,18.32
2022-12-07,18.26,18.26,18.26
2022-12-08,18.37,18.37,18.37
2022-12-09,18.34,18.34,18.34
2022-12-12,18.44,18.44,18.44
2022-12-13,18.6,18.6,18.6
2022-12-14,18.55,18.55,18.55
2022-12-15,18.14,18.14,18.14
2022-12-16,17.96,17.96,17.96
2022-12-19,17.83,17.83,17.83
2022-12-20,17.87,17.87,17.87
2022-12-21,18.1,18.1,18.1
2022-12-22,17.94,17.94,17.94
2022-12-23,18.0,18.0,18.0
2022-12-28,17.82,17.82,17.82
2022-12-29,18.04,18.04,18.04
2022-12-30,18.0,18.0,18.0
2023-01-03,18.04,18.04,18.04
2023-01-04,18.23,18.23,18.23
2023-01-05,18.03,18.03,18.03
2023-01-06,18.35,18.35,18.35
2023-01-09,18.45,18.45,18.45
2023-01-10,18.51,18.51,18.51
2023-01-11,18.7,18.7,18.7
2023-01-12,18.8,18.8,18.8
2023-01-13,18.88,18.88,18.88
2023-01-16,18.92,18.92,18.92
2023-01-17,18.93,18.93,18.93
2023-01-18,18.8,18.8,18.8
2023-01-19,18.65,18.65,18.65
2023-01-20,18.9,18.9,18.9
2023-01-26,19.24,19.24,19.24
2023-01-27,19.29,19.29,19.29
2023-01-30,19.12,19.12,19.12
2023-01-31,19.23,19.23,19.23
2023-02-01,19.43,19.43,19.43
2023-02-02,19.67,19.67,19.67
2023-02-03,19.51,19.51,19.51
2023-02-06,19.32,19.32,19.32
2023-02-07,19.49,19.49,19.49
2023-02-08,19.39,19.39,19.39
2023-02-09,19.32,19.32,19.32
2023-02-10,19.27,19.27,19.27
2023-02-13,19.43,19.43,19.43
2023-02-14,19.46,19.46,19.46
2023-02-15,19.48,19.48,19.48
2023-02-16,19.32,19.32,19.32
2023-02-17,19.28,19.28,19.28
2023-02-20,19.28,19.28,19.28
2023-02-21,19.03,19.03,19.03
2023-02-22,18.94,18.94,18.94
2023-02-23,19.0,19.0,19.0
2023-02-24,18.8,18.8,18.8
2023-02-27,18.86,18.86,18.86
2023-02-28,18.81,18.81,18.81
2023-03-01,18.81,18.81,18.81
2023-03-02,18.95,18.95,18.95
2023-03-03,19.14,19.14,19.14
2023-03-06,19.18,19.18,19.18
2023-03-07,18.95,18.95,18.95
2023-03-08,18.94,18.94,18.94
2023-03-09,18.73,18.73,18.73
2023-03-10,18.49,18.49,18.49
2023-03-13,18.39,18.39,18.39
2023-03-14,18.54,18.54,18.54
2023-03-15,18.35,18.35,18.35
2023-03-16,18.57,18.57,18.57
2023-03-17,18.45,18.45,18.45
2023-03-20,18.55,18.55,18.55
2023-03-21,18.77,18.77,18.77
2023-03-22,18.63,18.63,18.63
2023-03-23,18.72,18.72,18.72
2023-03-24,18.7,18.7,18.7
2023-03-27,18.75,18.75,18.75
2023-03-28,18.77,18.77,18.77
2023-03-29,19.0,19.0,19.0
2023-03-30,19.14,19.14,19.14
2023-03-31,19.35,19.35,19.35
2023-04-03,19.43,19.43,19.43
2023-04-04,19.37,19.37,19.37
2023-04-06,19.33,19.33,19.33
2023-04-11,19.42,19.42,19.42
2023-04-12,19.4,19.4,19.4
2023-04-13,19.59,19.59,19.59
2023-04-14,19.58,19.58,19.58
2023-04-17,19.61,19.61,19.61
2023-04-18,19.64,19.64,19.64
2023-04-19,19.59,19.59,19.59
2023-04-20,19.52,19.52,19.52
2023-04-21,19.51,19.51,19.51
2023-04-24,19.54,19.54,19.54
2023-04-25,19.32,19.32,19.32
2023-04-26,19.27,19.27,19.27
2023-04-27,19.5,19.5,19.5
2023-04-28,19.65,19.65,19.65
2023-05-02,19.46,19.46,19.46
2023-05-03,19.41,19.41,19.41
2023-05-04,19.31,19.31,19.31
2023-05-05,19.56,19.56,19.56
2023-05-08,19.6,19.6,19.6
2023-05-09,19.51,19.51,19.51
2023-05-10,19.52,19.52,19.52
2023-05-11,19.48,19.48,19.48
2023-05-12,19.45,19.45,19.45
2023-05-15,19.54,19.54,19.54
2023-05-16,19.44,19.44,19.44
2023-05-17,19.53,19.53,19.53
2023-05-18,19.66,19.66,19.66
2023-05-19,19.66,19.66,19.66
2023-05-22,19.7,19.7,19.7
2023-05-23,19.53,19.53,19.53
2023-05-24,19.34,19.34,19.34
2023-05-25,19.4,19.4,19.4
2023-05-29,19.6,19.6,19.6
2023-05-30,19.58,19.58,19.58
2023-05-31,19.35,19.35,19.35
2023-06-01,19.58,19.58,19.58
2023-06-02,19.9,19.9,19.9
2023-06-05,19.87,19.87,19.87
2023-06-06,19.94,19.94,19.94
2023-06-07,19.89,19.89,19.89
2023-06-08,19.96,19.96,19.96
2023-06-09,20.01,20.01,20.01
2023-06-12,20.13,20.13,20.13
2023-06-13,20.29,20.29,20.29
2023-06-14,20.31,20.31,20.31
2023-06-15,20.48,20.48,20.48
2023-06-16,20.47,20.47,20.47
2023-06-19,20.4,20.4,20.4
2023-06-20,20.31,20.31,20.31
2023-06-21,20.22,20.22,20.22
2023-06-23,20.06,20.06,20.06
2023-06-26,20.01,20.01,20.01
2023-06-27,20.19,20.19,20.19
2023-06-28,20.22,20.22,20.22
2023-06-29,20.24,20.24,20.24
2023-06-30,20.48,20.48,20.48
2023-07-03,20.52,20.52,20.52
2023-07-04,20.52,20.52,20.52
2023-07-05,20.43,20.43,20.43
2023-07-06,20.2,20.2,20.2
2023-07-07,20.18,20.18,20.18
2023-07-10,20.24,20.24,20.24
2023-07-11,20.39,20.39,20.39
2023-07-12,20.59,20.59,20.59
2023-07-13,20.78,20.78,20.78
2023-07-14,20.77,20.77,20.77
2023-07-18,20.92,20.92,20.92
2023-07-19,20.96,20.96,20.96
2023-07-20,20.86,20.86,20.86
2023-07-21,20.86,20.86,20.86
2023-07-24,20.89,20.89,20.89
2023-07-25,20.98,20.98,20.98
2023-07-26,20.94,20.94,20.94
2023-07-27,20.87,20.87,20.87
2023-07-28,21.02,21.02,21.02
2023-07-31,21.08,21.08,21.08
2023-08-01,21.0,21.0,21.0
2023-08-02,20.72,20.72,20.72
2023-08-03,20.66,20.66,20.66
2023-08-04,20.64,20.64,20.64
2023-08-07,20.74,20.74,20.74
2023-08-08,20.66,20.66,20.66
2023-08-09,20.62,20.62,20.62
2023-08-10,20.67,20.67,20.67
2023-08-11,20.6,20.6,20.6
2023-08-14,20.6,20.6,20.6
2023-08-15,20.43,20.43,20.43
2023-08-16,20.3,20.3,20.3
2023-08-17,20.16,20.16,20.16
2023-08-18,20.12,20.12,20.12
2023-08-21,20.24,20.24,20.24
2023-08-22,20.22,20.22,20.22
2023-08-23,20.4,20.4,20.4
2023-08-24,20.23,20.23,20.23
2023-08-25,20.26,20.26,20.26
2023-08-28,20.41,20.41,20.41
2023-08-29,20.66,20.66,20.66
2023-08-30,20.75,20.75,20.75
2023-08-31,20.65,20.65,20.65
2023-09-04,20.78,20.78,20.78
2023-09-05,20.68,20.68,20.68
2023-09-06,20.58,20.58,20.58
2023-09-07,20.51,20.51,20.51
2023-09-11,20.62,20.62,20.62
2023-09-12,20.54,20.54,20.54
2023-09-13,20.54,20.54,20.54
2023-09-14,20.72,20.72,20.72
2023-09-15,20.62,20.62,20.62
2023-09-18,20.55,20.55,20.55
2023-09-19,20.54,20.54,20.54
2023-09-20,20.45,20.45,20.45
2023-09-21,20.13,20.13,20.13
2023-09-22,20.11,20.11,20.11
2023-09-25,20.1,20.1,20.1
2023-09-26,19.88,19.88,19.88
2023-09-27,19.87,19.87,19.87
2023-09-28,19.98,19.98,19.98
2023-09-29,19.98,19.98,19.98
2023-10-03,19.66,19.66,19.66
2023-10-04,19.68,19.68,19.68
2023-10-05,19.72,19.72,19.72
2023-10-06,19.92,19.92,19.92
2023-10-09,20.0,20.0,20.0
2023-10-10,20.16,20.16,20.16
2023-10-11,20.25,20.25,20.25
2023-10-12,20.19,20.19,20.19
2023-10-13,20.06,20.06,20.06
2023-10-16,20.18,20.18,20.18
2023-10-17,20.22,20.22,20.22
2023-10-18,20.01,20.01,20.01
2023-10-19,19.79,19.79,19.79
2023-10-20,19.57,19.57,19.57
2023-10-24,19.61,19.61,19.61
2023-10-25,19.46,19.46,19.46
2023-10-26,19.26,19.26,19.26
2023-10-27,19.21,19.21,19.21
2023-10-30,19.36,19.36,19.36
2023-10-31,19.47,19.47,19.47
2023-11-01,19.62,19.62,19.62
2023-11-02,19.92,19.92,19.92
2023-11-03,20.16,20.16,20.16
2023-11-06,20.21,20.21,20.21
2023-11-07,20.16,20.16,20.16
2023-11-08,20.18,20.18,20.18
2023-11-09,20.11,20.11,20.11
2023-11-10,20.25,20.25,20.25
2023-11-13,20.28,20.28,20.28
2023-11-14,20.63,20.63,20.63
2023-11-15,20.74,20.74,20.74
2023-11-16,20.71,20.71,20.71
2023-11-17,20.77,20.77,20.77
2023-11-20,20.88,20.88,20.88
2023-11-21,20.85,20.85,20.85
2023-11-22,20.88,20.88,20.88
2023-11-23,20.92,20.92,20.92
2023-11-24,20.92,20.92,20.92
2023-11-27,20.86,20.86,20.86
2023-11-28,20.91,20.91,20.91
2023-11-29,20.92,20.92,20.92
2023-11-30,21.02,21.02,21.02
2023-12-01,21.13,21.13,21.13
2023-12-04,21.05,21.05,21.05
2023-12-05,21.01,21.01,21.01
2023-12-06,20.99,20.99,20.99
2023-12-07,21.09,21.09,21.09
2023-12-08,21.16,21.16,21.16
2023-12-11,21.21,21.21,21.21
2023-12-12,21.29,21.29,21.29
2023-12-13,21.48,21.48,21.48
2023-12-14,21.65,21.65,21.65
2023-12-15,21.68,21.68,21.68
2023-12-18,21.67,21.67,21.67
2023-12-19,21.8,21.8,21.8
2023-12-20,21.65,21.65,21.65
2023-12-21,21.78,21.78,21.78
2023-12-22,21.84,21.84,21.84
2023-12-27,22.0,22.0,22.0
2023-12-28,22.03,22.03,22.03
2023-12-29,21.98,21.98,21.98
2024-01-02,21.86,21.86,21.86
2024-01-03,21.66,21.66,21.66
2024-01-04,21.67,21.67,21.67
2024-01-05,21.69,21.69,21.69
2024-01-08,21.86,21.86,21.86
2024-01-09,21.79,21.79,21.79
2024-01-10,21.92,21.92,21.92
2024-01-11,21.92,21.92,21.92
2024-01-12,21.99,21.99,21.99
2024-01-15,22.03,22.03,22.03
2024-01-16,21.86,21.86,21.86
2024-01-17,21.67,21.67,21.67
2024-01-18,21.81,21.81,21.81
2024-01-19,22.0,22.0,22.0
2024-01-22,22.09,22.09,22.09
2024-01-23,22.07,22.07,22.07
2024-01-24,22.2,22.2,22.2
2024-01-25,22.28,22.28,22.28
2024-01-26,22.28,22.28,22.28
2024-01-29,22.41,22.41,22.41
2024-01-30,22.42,22.42,22.42
2024-01-31,22.21,22.21,22.21
2024-02-01,22.35,22.35,22.35
2024-02-02,22.5,22.5,22.5
2024-02-05,22.4,22.4,22.4
2024-02-06,22.51,22.51,22.51
2024-02-07,22.63,22.63,22.63
2024-02-08,22.63,22.63,22.63
2024-02-09,22.7,22.7,22.7
2024-02-14,22.56,22.56,22.56
2024-02-15,22.76,22.76,22.76
2024-02-16,22.75,22.75,22.75
2024-02-19,22.77,22.77,22.77
2024-02-20,22.7,22.7,22.7
2024-02-21,22.71,22.71,22.71
2024-02-22,23.08,23.08,23.08
2024-02-23,23.12,23.12,23.12
2024-02-26,23.05,23.05,23.05
2024-02-27,23.05,23.05,23.05
2024-02-28,23.03,23.03,23.03
2024-02-29,23.12,23.12,23.12
2024-03-01,23.28,23.28,23.28
2024-03-04,23.26,23.26,23.26
2024-03-05,23.13,23.13,23.13
2024-03-06,23.21,23.21,23.21
2024-03-07,23.41,23.41,23.41
2024-03-08,23.36,23.36,23.36
2024-03-11,23.3,23.3,23.3
2024-03-12,23.52,23.52,23.52
2024-03-13,23.51,23.51,23.51
2024-03-14,23.46,23.46,23.46
2024-03-15,23.32,23.32,23.32
2024-03-18,23.43,23.43,23.43
2024-03-19,23.5,23.5,23.5
2024-03-20,23.66,23.66,23.66
2024-03-21,23.8,23.8,23.8
2024-03-22,23.74,23.74,23.74
2024-03-25,23.67,23.67,23.67
2024-03-26,23.65,23.65,23.65
2024-03-27,23.78,23.78,23.78
2024-03-28,23.77,23.77,23.77
2024-04-02,23.63,23.63,23.63
2024-04-03,23.65,23.65,23.65
2024-04-05,23.61,23.61,23.61
2024-04-08,23.66,23.66,23.66
2024-04-09,23.69,23.69,23.69
2024-04-10,23.52,23.52,23.52
2024-04-11,23.59,23.59,23.59
2024-04-12,23.34,23.34,23.34
2024-04-15,23.12,23.12,23.12
2024-04-16,22.9,22.9,22.9
2024-04-17,22.84,22.84,22.84
2024-04-18,22.85,22.85,22.85
2024-04-19,22.69,22.69,22.69
2024-04-22,22.9,22.9,22.9
2024-04-23,23.13,23.13,23.13
2024-04-24,23.16,23.16,23.16
2024-04-25,23.04,23.04,23.04
2024-04-26,23.24,23.24,23.24
2024-04-29,23.33,23.33,23.33
2024-04-30,23.05,23.05,23.05
2024-05-02,23.13,23.13,23.13
2024-05-03,23.37,23.37,23.37
2024-05-06,23.56,23.56,23.56
2024-05-07,23.64,23.64,23.64
2024-05-08,23.66,23.66,23.66
2024-05-09,23.69,23.69,23.69
2024-05-10,23.77,23.77,23.77
2024-05-13,23.8,23.8,23.8
2024-05-14,23.83,23.83,23.83
2024-05-16,24.08,24.08,24.08
2024-05-17,24.07,24.07,24.07
2024-05-20,24.15,24.15,24.15
2024-05-21,24.16,24.16,24.16
2024-05-22,24.09,24.09,24.09
2024-05-23,23.93,23.93,23.93
2024-05-24,24.04,24.04,24.04
2024-05-27,24.08,24.08,24.08
2024-05-28,24.07,24.07,24.07
2024-05-29,23.85,23.85,23.85
2024-05-30,23.78,23.78,23.78
2024-05-31,23.95,23.95,23.95
2024-06-03,24.03,24.03,24.03
2024-06-04,23.96,23.96,23.96
2024-06-05,24.13,24.13,24.13
2024-06-06,24.19,24.19,24.19
2024-06-07,24.15,24.15,24.15
2024-06-11,24.13,24.13,24.13
2024-06-12,24.32,24.32,24.32
2024-06-13,24.28,24.28,24.28
2024-06-14,24.22,24.22,24.22
2024-06-17,24.33,24.33,24.33
2024-06-18,24.42,24.42,24.42
2024-06-19,24.46,24.46,24.46
2024-06-20,24.45,24.45,24.45
2024-06-21,24.36,24.36,24.36
2024-06-24,24.37,24.37,24.37
2024-06-25,24.43,24.43,24.43
2024-06-26,24.42,24.42,24.42
2024-06-27,24.4,24.4,24.4
2024-06-28,24.37,24.37,24.37
2024-07-02,24.55,24.55,24.55
2024-07-03,24.68,24.68,24.68
2024-07-04,24.76,24.76,24.76
2024-07-05,24.8,24.8,24.8
2024-07-08,24.81,24.81,24.81
2024-07-09,24.76,24.76,24.76
2024-07-10,25.01,25.01,25.01
2024-07-11,24.96,24.96,24.96
2024-07-12,25.08,25.08,25.08
2024-07-15,25.13,25.13,25.13
2024-07-16,25.23,25.23,25.23
2024-07-17,25.03,25.03,25.03
2024-07-18,24.88,24.88,24.88
2024-07-19,24.66,24.66,24.66
2024-07-22,24.78,24.78,24.78
2024-07-23,24.8,24.8,24.8
2024-07-24,24.4,24.4,24.4
2024-07-25,24.23,24.23,24.23
2024-07-26,24.45,24.45,24.45
2024-07-29,24.5,24.5,24.5
2024-07-30,24.44,24.44,24.44
2024-07-31,24.85,24.85,24.85
2024-08-01,24.45,24.45,24.45
2024-08-02,23.92,23.92,23.92
2024-08-05,23.06,23.06,23.06
2024-08-06,23.37,23.37,23.37
2024-08-07,23.37,23.37,23.37
2024-08-08,23.69,23.69,23.69
2024-08-09,23.87,23.87,23.87
2024-08-12,23.9,23.9,23.9
2024-08-13,24.13,24.13,24.13
2024-08-14,24.3,24.3,24.3
2024-08-15,24.65,24.65,24.65
2024-08-16,24.78,24.78,24.78
2024-08-19,24.93,24.93,24.93
2024-08-20,24.91,24.91,24.91
2024-08-21,25.01,25.01,25.01
2024-08-22,24.9,24.9,24.9
2024-08-23,25.16,25.16,25.16
2024-08-26,25.13,25.13,25.13
2024-08-27,25.17,25.17,25.17
2024-08-28,25.08,25.08,25.08
2024-08-29,25.08,25.08,25.08
2024-08-30,25.22,25.22,25.22
2024-09-02,25.24,25.24,25.24
2024-09-03,24.86,24.86,24.86
2024-09-04,24.71,24.71,24.71
2024-09-05,24.61,24.61,24.61
2024-09-09,24.46,24.46,24.46
2024-09-10,24.46,24.46,24.46
2024-09-11,24.57,24.57,24.57
2024-09-12,24.81,24.81,24.81
2024-09-13,24.97,24.97,24.97
2024-09-16,25.04,25.04,25.04
2024-09-17,25.01,25.01,25.01
2024-09-19,25.31,25.31,25.31
2024-09-20,25.22,25.22,25.22
2024-09-23,25.26,25.26,25.26
2024-09-24,25.37,25.37,25.37
2024-09-25,25.32,25.32,25.32
2024-09-26,25.48,25.48,25.48
2024-09-27,25.46,25.46,25.46
2024-09-30,25.53,25.53,25.53
2024-10-02,25.29,25.29,25.29
2024-10-03,25.26,25.26,25.26
2024-10-04,25.35,25.35,25.35
2024-10-07,25.21,25.21,25.21
2024-10-08,25.27,25.27,25.27
2024-10-09,25.36,25.36,25.36
2024-10-10,25.34,25.34,25.34
2024-10-14,25.6,25.6,25.6
2024-10-15,25.45,25.45,25.45
2024-10-16,25.48,25.48,25.48
2024-10-17,25.5,25.5,25.5
2024-10-18,25.59,25.59,25.59
2024-10-21,25.48,25.48,25.48
2024-10-22,25.41,25.41,25.41
2024-10-23,25.22,25.22,25.22
2024-10-24,25.21,25.21,25.21
2024-10-25,25.16,25.16,25.16
2024-10-28,25.32,25.32,25.32
2024-10-29,25.28,25.28,25.28
2024-10-30,25.2,25.2,25.2
2024-10-31,24.83,24.83,24.83
2024-11-01,24.93,24.93,24.93
2024-11-04,24.92,24.92,24.92
2024-11-05,25.21,25.21,25.21
2024-11-06,25.51,25.51,25.51
2024-11-07,25.72,25.72,25.72
2024-11-08,25.74,25.74,25.74
2024-11-11,25.71,25.71,25.71
2024-11-12,25.54,25.54,25.54
2024-11-13,25.4,25.4,25.4
2024-11-14,25.37,25.37,25.37
2024-11-15,25.13,25.13,25.13
2024-11-18,25.2,25.2,25.2
2024-11-19,25.26,25.26,25.26
2024-11-20,25.23,25.23,25.23
2024-11-21,25.34,25.34,25.34
2024-11-22,25.41,25.41,25.41
2024-11-25,25.58,25.58,25.58
2024-11-26,25.61,25.61,25.61
2024-11-27,25.58,25.58,25.58
2024-11-28,25.58,25.58,25.58
2024-11-29,25.69,25.69,25.69
2024-12-02,25.76,25.76,25.76
2024-12-03,25.86,25.86,25.86
2024-12-04,25.94,25.94,25.94
2024-12-05,25.92,25.92,25.92
2024-12-06,25.96,25.96,25.96
2024-12-09,25.92,25.92,25.92
2024-12-10,25.8,25.8,25.8
2024-12-11,25.91,25.91,25.91
2024-12-12,25.8,25.8,25.8
2024-12-13,25.71,25.71,25.71
2024-12-16,25.73,25.73,25.73
2024-12-17,25.59,25.59,25.59
2024-12-18,25.11,25.11,25.11
2024-12-19,24.95,24.95,24.95
2024-12-20,25.13,25.13,25.13
2024-12-23,25.28,25.28,25.28
2024-12-24,25.45,25.45,25.45
2024-12-27,25.38,25.38,25.38
2024-12-30,25.09,25.09,25.09
2024-12-31,25.05,25.05,25.05
2025-01-02,25.03,25.03,25.03
2025-01-03,25.22,25.22,25.22
2025-01-06,25.38,25.38,25.38
2025-01-07,25.18,25.18,25.18
2025-01-08,25.22,25.22,25.22
2025-01-09,25.21,25.21,25.21
2025-01-10,24.86,24.86,24.86
2025-01-13,24.82,24.82,24.82
2025-01-14,24.95,24.95,24.95
2025-01-15,25.3,25.3,25.3
2025-01-16,25.31,25.31,25.31
2025-01-17,25.5,25.5,25.5
2025-01-20,25.6,25.6,25.6
2025-01-21,25.7,25.7,25.7
2025-01-22,25.89,25.89,25.89
2025-01-23,25.99,25.99,25.99
2025-01-24,25.97,25.97,25.97
2025-01-27,25.68,25.68,25.68
2025-01-28,25.88,25.88,25.88
2025-02-03,25.58,25.58,25.58
2025-02-04,25.8,25.8,25.8
2025-02-05,25.95,25.95,25.95
2025-02-06,26.04,26.04,26.04
2025-02-07,25.91,25.91,25.91
2025-02-10,26.02,26.02,26.02
2025-02-11,26.03,26.03,26.03
2025-02-12,25.98,25.98,25.98
2025-02-13,26.13,26.13,26.13
2025-02-14,26.25,26.25,26.25
2025-02-17,26.28,26.28,26.28
2025-02-18,26.43,26.43,26.43
2025-02-19,26.33,26.33,26.33
2025-02-20,26.2,26.2,26.2
2025-02-21,25.96,25.96,25.96
2025-02-24,25.89,25.89,25.89
2025-02-25,25.76,25.76,25.76
2025-02-26,25.85,25.85,25.85
2025-02-27,25.54,25.54,25.54
2025-02-28,25.71,25.71,25.71
2025-03-03,25.46,25.46,25.46
2025-03-04,25.12,25.12,25.12
2025-03-05,25.47,25.47,25.47
2025-03-06,25.33,25.33,25.33
2025-03-07,25.49,25.49,25.49
2025-03-10,24.9,24.9,24.9
2025-03-11,24.69,24.69,24.69
2025-03-12,24.78,24.78,24.78
2025-03-13,24.51,24.51,24.51
2025-03-14,24.97,24.97,24.97
2025-03-17,25.16,25.16,25.16
2025-03-18,25.07,25.07,25.07
2025-03-19,25.21,25.21,25.21
2025-03-20,25.1,25.1,25.1
2025-03-21,25.02,25.02,25.02
2025-03-24,25.25,25.25,25.25
2025-03-25,25.37,25.37,25.37
2025-03-26,25.2,25.2,25.2
2025-03-27,25.12,25.12,25.12
2025-03-28,24.74,24.74,24.74
2025-03-31,24.68,24.68,24.68
2025-04-01,24.79,24.79,24.79
2025-04-02,24.91,24.91,24.91
2025-04-03,23.97,23.97,23.97
2025-04-07,22.05,22.05,22.05
2025-04-08,22.0,22.0,22.0
2025-04-09,23.14,23.14,23.14
2025-04-10,22.97,22.97,22.97
2025-04-11,23.36,23.36,23.36
2025-04-14,23.66,23.66,23.66
2025-04-15,23.74,23.74,23.74
2025-04-16,23.37,23.37,23.37
2025-04-17,23.44,23.44,23.44
2025-04-22,23.54,23.54,23.54
2025-04-23,23.91,23.91,23.91
2025-04-24,24.23,24.23,24.23
2025-04-25,24.38,24.38,24.38
2025-04-28,24.44,24.44,24.44
2025-04-29,24.55,24.55,24.55
2025-04-30,24.62,24.62,24.62
2025-05-02,25.05,25.05,25.05
2025-05-06,24.76,24.76,24.76
2025-05-07,24.94,24.94,24.94
2025-05-08,25.04,25.04,25.04
2025-05-09,25.06,25.06,25.06
2025-05-12,25.72,25.72,25.72
2025-05-13,25.86,25.86,25.86
2025-05-14,25.92,25.92,25.92
2025-05-15,25.95,25.95,25.95
2025-05-16,26.11,26.11,26.11
2025-05-19,26.18,26.18,26.18
2025-05-20,26.13,26.13,26.13
2025-05-21,25.93,25.93,25.93
2025-05-22,25.82,25.82,25.82
2025-05-23,25.68,25.68,25.68
2025-05-26,25.74,25.74,25.74
2025-05-27,26.09,26.09,26.09
2025-05-28,25.94,25.94,25.94
2025-05-29,26.05,26.05,26.05
2025-05-30,26.0,26.0,26.0
2025-06-02,26.07,26.07,26.07
2025-06-03,26.18,26.18,26.18
2025-06-04,26.27,26.27,26.27
2025-06-05,26.14,26.14,26.14
2025-06-06,26.38,26.38,26.38
2025-06-09,26.46,26.46,26.46
2025-06-10,26.58,26.58,26.58
2025-06-11,26.56,26.56,26.56
2025-06-12,26.64,26.64,26.64
2025-06-13,26.31,26.31,26.31
2025-06-16,26.54,26.54,26.54
2025-06-17,26.33,26.33,26.33
2025-06-18,26.32,26.32,26.32
2025-06-19,26.22,26.22,26.22
2025-06-20,26.19,26.19,26.19
2025-06-23,26.3,26.3,26.3
2025-06-24,26.62,26.62,26.62
2025-06-25,26.6,26.6,26.6
2025-06-26,26.82,26.82,26.82
2025-06-27,26.97,26.97,26.97
2025-06-30,27.05,27.05,27.05
2025-07-02,27.15,27.15,27.15
2025-07-03,27.36,27.36,27.36
2025-07-04,27.34,27.34,27.34
2025-07-07,27.17,27.17,27.17
2025-07-08,27.19,27.19,27.19
2025-07-09,27.33,27.33,27.33
2025-07-10,27.4,27.4,27.4
2025-07-11,27.2,27.2,27.2
2025-07-14,27.35,27.35,27.35
2025-07-15,27.23,27.23,27.23
2025-07-16,27.25,27.25,27.25
2025-07-17,27.39,27.39,27.39
2025-07-18,27.43,27.43,27.43
2025-07-21,27.49,27.49,27.49
2025-07-22,27.49,27.49,27.49
2025-07-23,27.74,27.74,27.74
2025-07-24,27.79,27.79,27.79
2025-07-25,27.75,27.75,27.75
2025-07-28,27.7,27.7,27.7
2025-07-29,27.62,27.62,27.62
2025-07-30,27.58,27.58,27.58
2025-07-31,27.51,27.51,27.51
2025-08-01,27.16,27.16,27.16
2025-08-04,27.52,27.52,27.52
2025-08-05,27.49,27.49,27.49
2025-08-06,27.71,27.71,27.71
2025-08-07,27.78,27.78,27.78
2025-08-08,27.98,27.98,27.98
2025-08-11,27.94,27.94,27.94
2025-08-12,28.23,28.23,28.23
2025-08-13,28.4,28.4,28.4
2025-08-14,28.34,28.34,28.34
2025-08-15,28.23,28.23,28.23
2025-08-18,28.21,28.21,28.21
2025-08-19,28.04,28.04,28.04
2025-08-20,27.99,27.99,27.99
2025-08-21,27.92,27.92,27.92
2025-08-22,28.31,28.31,28.31
2025-08-25,28.26,28.26,28.26
2025-08-26,28.18,28.18,28.18
2025-08-27,28.21,28.21,28.21
2025-08-28,28.3,28.3,28.3
2025-08-29,28.17,28.17,28.17
2025-09-01,28.21,28.21,28.21
2025-09-02,28.03,28.03,28.03
2025-09-03,28.14,28.14,28.14
2025-09-04,28.34,28.34,28.34
2025-09-05,28.35,28.35,28.35
2025-09-08,28.44,28.44,28.44
2025-09-09,28.48,28.48,28.48
2025-09-10,28.64,28.64,28.64
2025-09-11,28.88,28.88,28.88
2025-09-12,28.85,28.85,28.85
2025-09-15,28.94,28.94,28.94
2025-09-16,28.92,28.92,28.92
2025-09-17,28.9,28.9,28.9
2025-09-18,29.01,29.01,29.01
2025-09-19,29.08,29.08,29.08
2025-09-22,29.17,29.17,29.17
2025-09-23,29.09,29.09,29.09
2025-09-24,29.05,29.05,29.05
2025-09-25,28.9,28.9,28.9
2025-09-26,29.02,29.02,29.02
2025-09-29,29.12,29.12,29.12
2025-09-30,29.22,29.22,29.22
2025-10-02,29.39,29.39,29.39
2025-10-03,29.46,29.46,29.46
2025-10-06,29.54,29.54,29.54
2025-10-08,29.54,29.54,29.54
2025-10-09,29.51,29.51,29.51
2025-10-10,28.88,28.88,28.88
2025-10-13,29.1,29.1,29.1
2025-10-14,29.02,29.02,29.02
2025-10-15,29.17,29.17,29.17
2025-10-16,29.05,29.05,29.05
2025-10-17,28.97,28.97,28.97
2025-10-20,29.32,29.32,29.32
2025-10-21,29.34,29.34,29.34
2025-10-22,29.21,29.21,29.21
2025-10-23,29.38,29.38,29.38
2025-10-24,29.53,29.53,29.53
2025-10-27,29.84,29.84,29.84
2025-10-28,29.91,29.91,29.91
2025-10-30,29.75,29.75,29.75
2025-10-31,29.75,29.75,29.75
2025-11-03,29.8,29.8,29.8
2025-11-04,29.48,29.48,29.48
2025-11-05,29.46,29.46,29.46
2025-11-06,29.29,29.29,29.29
2025-11-07,29.24,29.24,29.24
2025-11-10,29.63,29.63,29.63
2025-11-11,29.71,29.71,29.71
2025-11-12,29.83,29.83,29.83
2025-11-13,29.5,29.5,29.5
2025-11-14,29.38,29.38,29.38
2025-11-17,29.16,29.16,29.16
2025-11-18,28.85,28.85,28.85
2025-11-19,28.93,28.93,28.93
2025-11-20,28.74,28.74,28.74
2025-11-21,28.84,28.84,28.84
2025-11-24,29.12,29.12,29.12
2025-11-25,29.39,29.39,29.39
2025-11-26,29.67,29.67,29.67
2025-11-27,29.66,29.66,29.66
2025-11-28,29.81,29.81,29.81
2025-12-01,29.72,29.72,29.72
2025-12-02,29.84,29.84,29.84
2025-12-03,29.94,29.94,29.94
2025-12-04,30.05,30.05,30.05
2025-12-05,30.08,30.08,30.08
2025-12-08,30.02,30.02,30.02
2025-12-09,30.01,30.01,30.01
2025-12-10,30.21,30.21,30.21
2025-12-11,30.32,30.32,30.32
2025-12-12,30.1,30.1,30.1
2025-12-15,30.08,30.08,30.08
2025-12-16,29.87,29.87,29.87
2025-12-17,29.67,29.67,29.67
2025-12-18,29.84,29.84,29.84
2025-12-19,30.05,30.05,30.05
2025-12-22,30.22,30.22,30.22
2025-12-23,30.39,30.39,30.39
2025-12-24,30.44,30.44,30.44
2025-12-29,30.36,30.36,30.36
2025-12-30,30.37,30.37,30.37
2025-12-31,30.22,30.22,30.22
